ID;CLASSE;X;Y;banda1;geologia;Solos;banda2;mde;banda3;Flow Direct;banda4;banda5;ndvi;Slope;Aspect;savi;Convergence;Catchment A;Topographic;LS Factor;Channel Net;Vertical Di;Relative Sl;Profile Cur;Plan Curvat
1,0000000000;NX;602953,0000000000;7507427,0000000000;396,0000000000;3,0000000000;3,0000000000;624,0000000000;471,0000000000;813,0000000000;5,0000000000;1133,0000000000;1054,0000000000;0,1290840954;0,1587314159;176,1836664677;0,0526430905;45,3892021180;477,9692077600;4,2828812599;1,3851495981;379,3085022000;91,6914978030;1,0000000000;0,0058117704;0,0403766297
2,0000000000;LVA;602886,0000000000;7507438,0000000000;335,0000000000;3,0000000000;3,0000000000;740,0000000000;456,0000000000;1060,0000000000;6,0000000000;1385,0000000000;1391,0000000000;0,1350469142;0,5028432012;175,2876110077;0,0666353554;4,2766742706;863,9078979500;3,5718884468;6,5512447357;380,5049438500;75,4950561520;0,9318740964;0,0000000000;0,0272727273
3,0000000000;LVA;602832,0000000000;7507434,0000000000;406,0000000000;3,0000000000;3,0000000000;692,0000000000;423,0000000000;966,0000000000;6,0000000000;1258,0000000000;1384,0000000000;0,1778723449;0,4280038178;175,1224622726;0,0853061229;3,0847990513;1960,9552002000;4,8354630470;6,6912689209;381,7019348100;41,2980651860;0,5525846481;-0,0043759155;0,0072572525
4,0000000000;NX;602772,0000000000;7507428,0000000000;266,0000000000;3,0000000000;3,0000000000;651,0000000000;401,0000000000;792,0000000000;6,0000000000;1419,0000000000;1940,0000000000;0,4202049673;0,2461518645;175,3872795105;0,2227108181;0,6722001433;2972,4189453000;6,1944918633;3,8998959064;383,0424194300;17,9575805660;0,2536713183;0,0000903238;-0,0103444457
5,0000000000;GX;602699,0000000000;7507422,0000000000;116,0000000000;1,0000000000;10,0000000000;327,0000000000;391,0000000000;250,0000000000;5,0000000000;817,0000000000;1706,0000000000;0,7443763018;0,1027148813;175,5325899124;0,3139735758;-12,7852001190;4603,0546875000;7,1762161255;1,2888916731;384,1716308600;6,8283691406;0,1006921679;0,0007237291;0,0171201620
6,0000000000;CX;603895,0000000000;7507489,0000000000;483,0000000000;1,0000000000;7,0000000000;801,0000000000;400,0000000000;1025,0000000000;5,0000000000;1517,0000000000;1903,0000000000;0,2998633981;0,0996686518;175,2876110077;0,1661200970;15,8119564060;424,9038696300;4,2400851250;0,6848812699;374,9636230500;25,0363769530;0,4352830946;0,0147777805;0,1500000060
7,0000000000;PVA;603880,0000000000;7507480,0000000000;402,0000000000;1,0000000000;7,0000000000;739,0000000000;397,0000000000;840,0000000000;5,0000000000;1398,0000000000;1797,0000000000;0,3629123867;0,3342773616;175,8156852722;0,1879664809;5,5931606293;662,9735107400;4,0237369537;3,9679045677;375,0457763700;21,9542236330;0,3828937113;0,0082658613;-0,0066387150
8,0000000000;CX;603866,0000000000;7507455,0000000000;226,0000000000;1,0000000000;7,0000000000;473,0000000000;386,0000000000;581,0000000000;6,0000000000;953,0000000000;1330,0000000000;0,3919413984;0,3923662007;175,7242383957;0,1625669301;-1,0703756809;1468,5532227000;4,6438159943;5,6766548157;375,2292480500;10,7707519530;0,1883828342;0,0017670691;-0,0054126838
9,0000000000;PA;603851,0000000000;7507425,0000000000;211,0000000000;1,0000000000;7,0000000000;422,0000000000;375,6907959000;502,0000000000;7,0000000000;1014,0000000000;1550,0000000000;0,5107212663;0,1081813052;175,2809514999;0,2229154855;-8,2193546295;140841,7500000000;10,7769613270;2,8620450497;375,5408020000;0,1499938965;0,0026380522;-0,0104469471;-0,0004917315
10,0000000000;GX;603832,0000000000;7507406,0000000000;226,0000000000;1,0000000000;10,0000000000;531,0000000000;377,0000000000;612,0000000000;0,0000000000;1198,0000000000;1933,0000000000;0,5190569758;0,1120328829;178,7325149775;0,2626242638;-36,8658065800;1172,6085205000;5,7212204933;1,0971730947;375,6805725100;1,3194274902;0,0232290626;-0,0048974301;0,0363350920
11,0000000000;RL;602278,0000000000;7506274,0000000000;380,0000000000;4,0000000000;8,0000000000;682,0000000000;432,0000000000;977,0000000000;7,0000000000;1360,0000000000;1549,0000000000;0,2264449745;0,2597498000;174,5687808990;0,1140047833;8,3091335297;726,0086669900;4,3822150230;2,9391651154;379,8495178200;52,1504821780;0,8760073781;0,0040941085;0,0111554507
12,0000000000;MT;602216,0000000000;7506262,0000000000;372,0000000000;4,0000000000;5,0000000000;703,0000000000;415,0000000000;874,0000000000;6,0000000000;1355,0000000000;1607,0000000000;0,2954453826;0,3831870258;175,1632561684;0,1469723284;4,2959699631;1142,1552734000;4,4186787605;5,2428956032;380,0585937500;34,9414062500;0,5882292390;0,0039891517;0,0124034733
13,0000000000;MT;602177,0000000000;7506293,0000000000;417,0000000000;4,0000000000;5,0000000000;707,0000000000;395,0000000000;937,0000000000;6,0000000000;1427,0000000000;1666,0000000000;0,2800614536;0,3350790143;174,9204373360;0,1438248307;2,1435427666;1696,5242920000;4,9607548714;4,8025894165;380,4844360400;14,5155639650;0,2401245982;-0,0033267110;0,0113429986
14,0000000000;MT;602138,0000000000;7506316,0000000000;153,0000000000;4,0000000000;10,0000000000;452,0000000000;384,0000000000;425,0000000000;5,0000000000;1042,0000000000;2142,0000000000;0,6688741446;0,1027148813;175,5325899124;0,3403594792;-18,7777996060;34116,4296880000;10,7537956240;2,6360950470;380,8506469700;3,1493530273;0,0515016615;-0,0073963311;-0,0483662337
15,0000000000;LA;604434,0000000000;7508416,0000000000;296,0000000000;1,0000000000;11,0000000000;569,0000000000;472,0000000000;632,0000000000;7,0000000000;1263,0000000000;1822,0000000000;0,4849225879;0,2199879736;174,1804623604;0,2394687384;2,8990111351;740,7097168000;4,5749425888;2,3876132965;369,6878967300;102,3121032700;1,0000000000;0,0074354289;0,0089442721
16,0000000000;CX;604255,0000000000;7508058,0000000000;507,0000000000;1,0000000000;7,0000000000;815,0000000000;440,0000000000;1105,0000000000;6,0000000000;1589,0000000000;1812,0000000000;0,2423723042;0,4308245778;174,8970041275;0,1339522600;4,9951410294;745,9268798800;3,8614518642;5,5594534874;371,6003112800;68,3996887210;0,9310939312;-0,0022249334;0,0282102451
17,0000000000;LVA;603194,0000000000;7508792,0000000000;567,0000000000;3,0000000000;3,0000000000;917,0000000000;411,0000000000;1112,0000000000;7,0000000000;1726,0000000000;2079,0000000000;0,3030397892;0,2496329546;173,9142103195;0,1770846099;9,6152915955;1374,0009766000;5,4082074165;3,4024658203;375,2421875000;35,7578125000;0,6058273912;-0,0089236479;-0,0203659069
18,0000000000;RY;603891,0000000000;7508778,0000000000;160,0000000000;1,0000000000;1,0000000000;377,0000000000;372,3925170900;340,0000000000;1,0000000000;882,0000000000;2103,0000000000;0,7216536999;0,0018895090;179,6071966887;0,3553002477;5,0459976196;2209238,7500000000;17,5811309810;0,0258069001;372,3925170900;0,0000000000;0,0000000000;0,0000090381;-0,0047833361
19,0000000000;PV;602342,0000000000;7506683,0000000000;353,0000000000;4,0000000000;6,0000000000;896,0000000000;389,0000000000;1343,0000000000;0,0000000000;1752,0000000000;1689,0000000000;0,1141160950;0,2118317187;174,3370642662;0,0646165386;1,2996296883;1402,6180420000;5,2524104118;2,5847847462;378,7359924300;10,2640075680;0,1509555131;0,0001262743;0,0226211622
20,0000000000;LA;603589,0000000000;7508152,0000000000;324,0000000000;1,0000000000;7,0000000000;674,0000000000;415,0000000000;738,0000000000;5,0000000000;1052,0000000000;1251,0000000000;0,2579185665;0,4187819362;176,1924381256;0,1101016030;5,1937513351;851,7662353500;4,0262084007;5,5147414207;373,2896118200;41,7103881840;0,6741734743;0,0040110066;0,0050318702
21,0000000000;CX;603757,0000000000;7508360,0000000000;267,0000000000;1,0000000000;7,0000000000;607,0000000000;383,0000000000;645,0000000000;2,0000000000;1294,0000000000;1963,0000000000;0,5053681135;0,2999056876;178,6741822958;0,2598580420;0,1747669131;1119,6635742000;4,6639118195;3,8449048996;372,8723449700;10,1276550290;0,1573666632;-0,0042316732;0,0076089608
22,0000000000;CX;601091,0000000000;7506879,0000000000;427,0000000000;1,0000000000;9,0000000000;733,0000000000;526,0000000000;989,0000000000;0,0000000000;1457,0000000000;1708,0000000000;0,2665925026;0,0748598501;173,7168145180;0,1401195228;79,6250534060;474,3792114300;5,5683155060;0,5818369389;410,0822448700;115,9177551300;1,0000000000;0,0024790536;0,0000000000
23,0000000000;CX;601156,0000000000;7506780,0000000000;128,0000000000;1,0000000000;1,0000000000;271,0000000000;504,0000000000;226,0000000000;3,0000000000;808,0000000000;1881,0000000000;0,7854769826;0,4319449961;177,5670335293;0,3493035138;0,8116061688;1999,6496582000;4,6563754082;6,5419726372;408,4634704600;95,5365295410;0,9550968409;0,0051328004;0,0068269293
24,0000000000;CY;604176,0000000000;7509574,0000000000;242,0000000000;7,0000000000;2,0000000000;470,0000000000;366,0000000000;512,0000000000;2,0000000000;1143,0000000000;1847,0000000000;0,5659177899;0,0359622873;177,6609604359;0,2721157670;-3,0457935333;766,9968872100;7,1299510002;0,2649240792;364,0643615700;1,9356384277;0,0286084525;0,0000405417;-0,0035549910
25,0000000000;GX;604062,0000000000;7509474,0000000000;323,0000000000;7,0000000000;2,0000000000;679,0000000000;364,4334106400;672,0000000000;3,0000000000;1360,0000000000;2150,0000000000;0,5237420201;0,0018895090;178,0364003181;0,2834313810;-5,5184097290;18327,1171880000;12,5570421220;0,0094481995;364,3432312000;0,0901794434;0,0013293314;0,0000000000;0,0000000000
26,0000000000;CX;602415,0000000000;7505126,0000000000;459,0000000000;5,0000000000;1,0000000000;737,0000000000;388,0000000000;971,0000000000;6,0000000000;1430,0000000000;1667,0000000000;0,2638362348;0,2199879736;174,8239636421;0,1366849989;1,9635410309;1884,5729980000;5,5087904930;2,8779084682;385,3420105000;2,6579895020;0,0495713986;-0,0014859285;0,0071498491
27,0000000000;PV;603023,0000000000;7504329,0000000000;491,0000000000;5,0000000000;4,0000000000;877,0000000000;457,0000000000;1101,0000000000;0,0000000000;1693,0000000000;2071,0000000000;0,3058007658;0,3151000440;179,9232281074;0,1780469865;-0,5412494540;1687,5446777000;4,7645955086;4,2191467285;386,8673706100;70,1326293950;0,7754911780;0,0070209396;0,0209561903
28,0000000000;CX;603060,0000000000;7504384,0000000000;236,0000000000;5,0000000000;4,0000000000;482,0000000000;438,0000000000;446,0000000000;0,0000000000;1254,0000000000;2090,0000000000;0,6482650042;0,2213144451;173,7168145180;0,3272293210;-7,6742534637;5935,8461914000;7,3430347443;4,1905951500;385,7773742700;52,2226257320;0,5542874336;-0,0069644954;-0,0444444455
29,0000000000;CX;603423,0000000000;7509012,0000000000;382,0000000000;6,0000000000;9,0000000000;718,0000000000;395,0000000000;919,0000000000;1,0000000000;1339,0000000000;1616,0000000000;0,2749506831;0,0249947943;178,4292036295;0,1387524754;57,6795539860;400,0000000000;5,7443466187;0,1163633764;370,5344543500;24,4655456540;0,3944143355;0,0024976581;0,4000000060
30,0000000000;GX;603891,0000000000;7508139,0000000000;229,0000000000;1,0000000000;10,0000000000;509,0000000000;385,0000000000;475,0000000000;0,0000000000;1087,0000000000;1881,0000000000;0,5967742205;0,2767792344;179,0929147601;0,2867047191;-1,1728543043;2458,4863281000;5,5353016853;4,0659036636;372,4610290500;12,5389709470;0,1901464462;-0,0093743876;0,0014371458
31,0000000000;LA;602084,0000000000;7508038,0000000000;458,0000000000;2,0000000000;9,0000000000;713,0000000000;490,0000000000;898,0000000000;1,0000000000;1312,0000000000;1453,0000000000;0,2360697538;0,0353406183;174,5022130013;0,1132498980;70,7181930540;400,0000000000;5,6150116920;0,1906244606;400,7597045900;89,2402954100;1,0000000000;0,0000000000;0,1414213628
32,0000000000;CX;602120,0000000000;7508147,0000000000;477,0000000000;2,0000000000;1,0000000000;941,0000000000;460,0000000000;1227,0000000000;1,0000000000;1632,0000000000;2072,0000000000;0,2561382353;0,3645517528;179,4483450055;0,1527292430;2,5763137341;1723,3879395000;4,8848752975;5,3515462875;398,3370361300;61,6629638670;0,8115223050;-0,0003412597;0,0076477737
33,0000000000;GX;604468,0000000000;7509305,0000000000;344,0000000000;7,0000000000;2,0000000000;707,0000000000;365,0000000000;610,0000000000;0,0000000000;1583,0000000000;3011,0000000000;0,6630765200;0,0466245115;173,7168145180;0,4177589417;-0,3738612235;1462,6745605000;7,5155405998;0,4223830402;363,9980773900;1,0019226074;0,0140912896;-0,0003330792;0,0000000000
34,0000000000;RL;602447,0000000000;7506551,0000000000;357,0000000000;4,0000000000;8,0000000000;594,0000000000;419,0000000000;743,0000000000;3,0000000000;1131,0000000000;1394,0000000000;0,3046326637;0,1783617735;177,8412010670;0,1368222088;16,8097763060;528,4887085000;4,2645201683;1,6422170401;378,5952148400;40,4047851560;0,6308428645;0,0069653857;0,0149342362
35,0000000000;SX;603404,0000000000;7509360,0000000000;465,0000000000;7,0000000000;2,0000000000;863,0000000000;368,0000000000;1011,0000000000;1,0000000000;1578,0000000000;2138,0000000000;0,3578913808;0,0250100158;178,4641015530;0,2074487805;-0,9208424091;9813,0869141000;10,9237308500;0,3281621337;366,7883300800;1,2116699219;0,0189497285;-0,0024097788;-0,0070053022
36,0000000000;CY;604476,0000000000;7509464,0000000000;258,0000000000;7,0000000000;2,0000000000;523,0000000000;363,0987548800;571,0000000000;0,0000000000;1216,0000000000;2279,0000000000;0,5992982388;0,0017457544;179,2146018148;0,3263694048;-3,6268253326;721,0125732400;9,2124652863;0,0042982744;363,0365905800;0,0621643066;0,0008899417;0,0001053615;0,0810681731
37,0000000000;CX;603355,0000000000;7507467,0000000000;316,0000000000;1,0000000000;6,0000000000;706,0000000000;375,5401611300;687,0000000000;1,0000000000;1457,0000000000;2332,0000000000;0,5448824167;0,0018895090;178,8220069408;0,3077066839;-41,9692077640;272425,9375000000;15,2560272220;0,0162098855;375,5003051800;0,0398559570;0,0006451613;0,0000000000;0,0000000000
38,0000000000;PA;604171,0000000000;7508231,0000000000;179,0000000000;1,0000000000;11,0000000000;398,0000000000;406,0000000000;550,0000000000;6,0000000000;930,0000000000;1314,0000000000;0,4098712504;0,3350790143;175,6547846794;0,1669580489;1,8181533813;3473,7990723000;5,6774220467;5,5427384377;371,1738586400;34,8261413570;0,4515069723;-0,0014001492;-0,0095851114
39,0000000000;CX;603719,0000000000;7508558,0000000000;529,0000000000;1,0000000000;6,0000000000;932,0000000000;372,8922729500;1353,0000000000;1,0000000000;1858,0000000000;2137,0000000000;0,2246418297;0,0018895090;179,6071966887;0,1385159046;-36,3190574650;108392,4843800000;14,3344192500;0,0134812472;372,8188171400;0,0734558105;0,0011453647;0,0000000000;0,0000000000
40,0000000000;CX;603997,0000000000;7508100,0000000000;574,0000000000;1,0000000000;7,0000000000;869,0000000000;397,0000000000;1101,0000000000;0,0000000000;1668,0000000000;2145,0000000000;0,3216266036;0,2328681797;174,0385651588;0,1899102628;5,7332344055;1303,4857178000;5,0812397003;2,8749444485;372,2111816400;24,7888183590;0,3665784895;-0,0021878297;0,0100138793
41,0000000000;PV;603845,0000000000;7508017,0000000000;500,0000000000;1,0000000000;7,0000000000;875,0000000000;423,0000000000;1155,0000000000;1,0000000000;1633,0000000000;1961,0000000000;0,2586649656;0,2933604419;179,5733725131;0,1489650011;11,7893772130;700,8768920900;4,2188758850;3,4049119949;372,8519897500;50,1480102540;0,7870709896;0,0004731636;0,0313186459
42,0000000000;CX;603251,0000000000;7508141,0000000000;371,0000000000;1,0000000000;6,0000000000;746,0000000000;374,0952758800;886,0000000000;1,0000000000;1477,0000000000;2188,0000000000;0,4235523641;0,0018895090;179,6071966887;0,2418875247;-0,3187498152;9336,5771484000;11,8825998310;0,0082559641;374,0952758800;0,0000000000;0,0000000000;0,0000000000;0,0000000000
43,0000000000;PVA;603454,9600000000;7507243,2300000000;576,0000000000;1,0000000000;7,0000000000;896,0000000000;398,0000000000;1086,0000000000;5,0000000000;1655,0000000000;2065,0000000000;0,3106950223;0,1732456684;175,2876110077;0,1801619232;2,8935358524;611,3310546900;4,2226104736;1,5593657494;375,8354797400;22,1645202640;0,3737876713;0,0023894007;0,0285714287
44,0000000000;PVA;603433,8900000000;7507265,1900000000;471,0000000000;1,0000000000;7,0000000000;810,0000000000;394,0000000000;1010,0000000000;5,0000000000;1525,0000000000;1805,0000000000;0,2824156284;0,1881425083;174,8827190399;0,1525911689;3,9431169033;639,6656494100;4,5890712738;1,8974300623;375,7818908700;18,2181091310;0,3056702912;0,0013892938;0,0448253006
45,0000000000;PVA;603410,9000000000;7507285,4700000000;510,0000000000;1,0000000000;11,0000000000;832,0000000000;388,0000000000;980,0000000000;6,0000000000;1528,0000000000;1828,0000000000;0,3019942939;0,2316168696;174,7290115356;0,1629098356;2,2780735493;885,0593261700;4,5114574432;2,5448751450;375,7357788100;12,2642211910;0,2045929730;0,0013726549;0,0254875887
46,0000000000;PVA;603372,7000000000;7507309,7000000000;450,0000000000;1,0000000000;11,0000000000;830,0000000000;376,0000000000;1020,0000000000;0,0000000000;1491,0000000000;1764,0000000000;0,2672413886;0,0994213298;174,6714887619;0,1433710307;-0,9199645519;2589,3186035000;6,8657708168;1,1536234617;375,6880798300;0,3119201660;0,0051357369;-0,0086298482;-0,0234169718
47,0000000000;GX;603316,0800000000;7507367,1200000000;303,0000000000;1,0000000000;6,0000000000;687,0000000000;375,7027587900;627,0000000000;1,0000000000;1474,0000000000;2569,0000000000;0,6076345444;0,0018895090;179,6071966887;0,3554172814;-18,7387981410;919581,6250000000;16,7046451570;0,0216573533;375,7027587900;0,0000000000;0,0000000000;0,0000090381;-0,0047833361
48,0000000000;RY;603265,6900000000;7507384,6800000000;362,0000000000;1,0000000000;6,0000000000;711,0000000000;375,7376709000;741,0000000000;1,0000000000;1395,0000000000;2057,0000000000;0,4703359604;0,0018895090;178,8220069408;0,2531418204;-4,3473811150;256842,3750000000;15,1971225740;0,0160200391;375,7184448200;0,0192260742;0,0003019817;0,0000000000;0,0000000000
49,0000000000;PVA;603289,1600000000;7507593,2700000000;147,0000000000;1,0000000000;7,0000000000;329,0000000000;383,0000000000;327,0000000000;4,0000000000;731,0000000000;1185,0000000000;0,5674602985;0,3764348626;176,2528626919;0,1976351440;1,8997530937;1478,5922852000;4,6964626312;5,4006490707;375,4828491200;7,5171508789;0,1174457371;-0,0084894709;0,0014040513
50,0000000000;PVA;604112,8800000000;7508911,0900000000;220,0000000000;1,0000000000;7,0000000000;344,0000000000;385,0000000000;505,0000000000;6,0000000000;1030,0000000000;1645,0000000000;0,5302325487;0,1661588699;174,8239636421;0,2391608357;5,9005665779;628,2770996100;4,5097708702;1,5518091917;368,1942138700;16,8057861330;0,2247228026;0,0052758665;0,0417399369
51,0000000000;LVA;603172,7500000000;7508901,1000000000;319,0000000000;3,0000000000;3,0000000000;765,0000000000;391,0000000000;872,0000000000;0,0000000000;1633,0000000000;2151,0000000000;0,4230896533;0,1568156928;179,6782494485;0,2391250283;3,5324988365;1868,5922852000;5,8468480110;1,8598176241;375,6661071800;15,3338928220;0,2655159235;-0,0003613645;0,0023717082
52,0000000000;PVA;603880,7900000000;7508674,5900000000;542,0000000000;1,0000000000;6,0000000000;959,0000000000;373,0000000000;1333,0000000000;0,0000000000;1833,0000000000;2150,0000000000;0,2345678955;0,0706084445;174,7421112061;0,1444654018;11,3556108470;1091,9809570000;6,1141581535;0,5945171118;372,4752502400;0,5247497559;0,0077377022;-0,0059364662;0,0098520080
53,0000000000;GX;603797,6500000000;7508517,7200000000;453,0000000000;1,0000000000;6,0000000000;834,0000000000;372,9187011700;1143,0000000000;1,0000000000;1678,0000000000;2054,0000000000;0,2849546373;0,0018895090;179,6071966887;0,1667073518;-37,3632774350;43282,9453130000;13,4164190290;0,0112200193;372,8488769500;0,0698242188;0,0010682923;0,0000000000;0,0000000000
54,0000000000;CY;603740,6900000000;7508536,9600000000;502,0000000000;1,0000000000;6,0000000000;864,0000000000;372,9127197300;1206,0000000000;1,0000000000;1734,0000000000;2087,0000000000;0,2675372064;0,0018895090;179,6071966887;0,1593512595;-2,8144106865;9701,5810547000;11,9209489820;0,0083195297;372,8223571800;0,0903625488;0,0014003502;0,0000000000;0,0000000000
55,0000000000;PV;602329,0000000000;7506665,0000000000;426,0000000000;4,0000000000;10,0000000000;921,0000000000;389,0000000000;1372,0000000000;6,0000000000;1709,0000000000;1696,0000000000;0,1056062579;0,2118317187;174,6673617363;0,0602379702;-0,0638159886;1471,4906006000;5,3003458977;2,6096842289;379,0736084000;9,9263916016;0,1465871036;0,0000989958;0,0227569062
56,0000000000;PV;603936,3700000000;7508504,0800000000;376,0000000000;1,0000000000;7,0000000000;760,0000000000;399,0000000000;857,0000000000;5,0000000000;1407,0000000000;1965,0000000000;0,3926293552;0,2449786663;175,9311122894;0,2124776542;13,3586063390;645,0713501000;4,1368966103;2,5660052299;372,0066528300;26,9933471680;0,3840815723;-0,0038349163;0,0368000008
57,0000000000;CX;603618,7000000000;7508198,1900000000;614,0000000000;1,0000000000;7,0000000000;982,0000000000;426,0000000000;1227,0000000000;2,0000000000;1678,0000000000;1858,0000000000;0,2045380920;0,0353406183;179,2146018148;0,1170686483;75,0092773440;400,0000000000;5,2684383392;0,1778589189;373,1603088400;52,8396911620;0,8485928178;0,0074859592;0,2121320367
58,0000000000;GX;603784,4600000000;7508380,6700000000;155,0000000000;1,0000000000;10,0000000000;362,0000000000;374,0000000000;407,0000000000;2,0000000000;826,0000000000;1125,0000000000;0,4686684012;0,0753980279;178,7665085793;0,1648805887;-1,0895955563;2078,3198242000;7,0384330750;0,7891423106;372,8128051800;1,1871948242;0,0181974582;-0,0043279827;-0,0133234477
59,0000000000;SX;603366,7800000000;7509348,3100000000;577,0000000000;7,0000000000;2,0000000000;856,0000000000;369,0000000000;1033,0000000000;0,0000000000;1579,0000000000;1968,0000000000;0,3115628064;0,0249947943;173,7168145180;0,1752905995;2,6124784946;1412,9799805000;8,1049509048;0,1865759939;367,0836792000;1,9163208008;0,0301711466;0,0024976581;0,0000000000
60,0000000000;CX;601184,0800000000;7506732,9800000000;100,0000000000;1,0000000000;1,0000000000;288,0000000000;474,0000000000;263,0000000000;3,0000000000;835,0000000000;1673,0000000000;0,7283057571;0,4739594758;177,6093363762;0,3049308062;-1,0788555145;3179,1064453000;5,4334530830;8,7349462509;407,2737426800;66,7262573240;0,7229080200;-0,0013803918;-0,0010534605
61,0000000000;LVA;603228,7000000000;7507747,5100000000;135,0000000000;1,0000000000;3,0000000000;453,0000000000;398,0000000000;334,0000000000;4,0000000000;1100,0000000000;2452,0000000000;0,7602297068;0,3398368955;177,6438055038;0,4080400765;0,1939199269;2100,7885742000;5,1592564583;5,1014747620;375,4937439000;22,5062561040;0,3358078003;-0,0047140452;0,0017677669
62,0000000000;GX;603983,6700000000;7509399,9600000000;453,0000000000;7,0000000000;2,0000000000;845,0000000000;364,6019897500;832,0000000000;1,0000000000;1560,0000000000;2444,0000000000;0,4920634925;0,0018895090;178,8220069408;0,2921701372;-5,5232577324;20769,2714840000;12,6821346280;0,0096875625;364,5531616200;0,0488281250;0,0007178561;0,0000000000;0,0000000000
63,0000000000;GX;604399,0500000000;7509328,0900000000;390,0000000000;7,0000000000;2,0000000000;811,0000000000;365,0000000000;821,0000000000;0,0000000000;1653,0000000000;3017,0000000000;0,5721729994;0,0332473330;179,2408492565;0,3727087677;2,8617093563;463,7490844700;6,2442903519;0,1972742677;363,7900390600;1,2099609375;0,0171280243;0,0023195683;0,0715155527
64,0000000000;GX;601435,0500000000;7506608,8800000000;233,0000000000;1,0000000000;1,0000000000;528,0000000000;394,0493774400;426,0000000000;2,0000000000;1219,0000000000;2599,0000000000;0,7183471322;0,0558435768;177,3220548630;0,4061682224;-1,8473446369;638288,1250000000;13,4133205410;1,8007689714;394,0493774400;0,0000000000;0,0000000000;-0,0082145771;-0,0671377257
65,0000000000;CX;601512,2600000000;7506293,3300000000;603,0000000000;1,0000000000;1,0000000000;875,0000000000;468,0000000000;1243,0000000000;0,0000000000;1645,0000000000;1791,0000000000;0,1806196421;0,4319449961;173,9354834557;0,1023151651;25,1899452210;451,4376525900;3,3563115597;5,0441341400;388,8939209000;79,1060791020;1,0000000000;0,0000000000;0,0000000000
66,0000000000;PA;601814,5300000000;7505667,0300000000;296,0000000000;5,0000000000;6,0000000000;544,0000000000;385,0000000000;683,0000000000;0,0000000000;1083,0000000000;1471,0000000000;0,3658310175;0,1881425083;174,1217064857;0,1652222574;4,2840776443;1435,1263428000;5,3971338272;2,2302482128;378,6360473600;6,3639526367;0,1841593981;-0,0029216032;0,0161869135
67,0000000000;CX;603826,6000000000;7507991,9800000000;473,0000000000;1,0000000000;7,0000000000;858,0000000000;429,0000000000;1100,0000000000;0,0000000000;1552,0000000000;1763,0000000000;0,2315752655;0,2683662176;173,7168145180;0,1264784485;26,4275379180;591,6433715800;4,4899296761;3,1516997814;372,9615173300;56,0384826660;0,8866444230;0,0022410352;0,0000000000
68,0000000000;PA;604107,9200000000;7508268,7600000000;229,0000000000;1,0000000000;11,0000000000;442,0000000000;397,0000000000;478,0000000000;5,0000000000;1003,0000000000;1574,0000000000;0,5341130495;0,1243549958;175,9311122894;0,2331253439;1,2339816093;8080,1171875000;7,7781376839;1,9351910353;371,2583007800;25,7416992190;0,3398093581;0,0008793108;0,0127999997
69,0000000000;LVA;602872,0000000000;7507297,0000000000;363,0000000000;3,0000000000;3,0000000000;659,0000000000;436,0000000000;826,0000000000;6,0000000000;1356,0000000000;1638,0000000000;0,3295454681;0,3142319024;175,6824021339;0,1631832868;4,0916390419;1195,6041260000;4,6798048019;4,1314039230;379,3038330100;56,6961669920;0,7886397839;0,0061204960;0,0165680479
70,0000000000;CX;603200,0000000000;7507364,0000000000;143,0000000000;1,0000000000;6,0000000000;420,0000000000;375,8568725600;298,0000000000;1,0000000000;1018,0000000000;2381,0000000000;0,7775289416;0,0018895090;178,8220069408;0,4068889618;-3,2641360760;20355,8632810000;12,6620292660;0,0096486853;375,8568725600;0,0000000000;0,0000000000;0,0000000000;0,0000000000
71,0000000000;RL;602262,0000000000;7506173,0000000000;430,0000000000;4,0000000000;8,0000000000;766,0000000000;428,0000000000;1056,0000000000;6,0000000000;1481,0000000000;1642,0000000000;0,2171979249;0,1243549958;175,9311122894;0,1141854897;29,2034187320;542,8015747100;4,6574268341;1,0367220640;379,4553222700;48,5446777340;0,8419553042;0,0036149446;0,0703999996
72,0000000000;RL;602341,0000000000;7506371,0000000000;392,0000000000;4,0000000000;5,0000000000;805,0000000000;412,0000000000;1018,0000000000;2,0000000000;1479,0000000000;1805,0000000000;0,2787814438;0,1749690473;179,2146018148;0,1509011835;11,2313022610;1289,3673096000;5,5963091850;2,0829327106;379,5750427200;32,4249572750;0,5304791927;-0,0011936144;0,0070710676
73,0000000000;CY;604222,0000000000;7509629,0000000000;195,0000000000;7,0000000000;2,0000000000;453,0000000000;369,0000000000;355,0000000000;4,0000000000;1046,0000000000;2689,0000000000;0,7667542696;0,1027148813;176,6134285927;0,4352312386;5,6427507401;481,1660156300;4,9179530144;0,8204765916;364,0190429700;4,9809570313;0,0738152862;0,0004342375;0,0199735221
74,0000000000;GX;603293,0000000000;7508253,0000000000;381,0000000000;1,0000000000;6,0000000000;734,0000000000;373,8568725600;851,0000000000;1,0000000000;1614,0000000000;2572,0000000000;0,5027753711;0,0018895090;179,6071966887;0,3064822555;-40,3281211850;216009,0625000000;15,0239801410;0,0154747861;373,8295593300;0,0273132324;0,0004436896;0,0000000000;0,0000000000
75,0000000000;CY;604578,0000000000;7509590,0000000000;252,0000000000;7,0000000000;2,0000000000;481,0000000000;362,5900268600;547,0000000000;1,0000000000;1010,0000000000;1591,0000000000;0,4883068204;0,0148807131;177,7024931908;0,2193891853;-15,2714633940;2159007,0000000000;15,6088161470;0,3844330907;362,5900268600;0,0000000000;0,0000000000;-0,0012335154;-0,0513931736
76,0000000000;RY;603251,0000000000;7507348,0000000000;270,0000000000;1,0000000000;6,0000000000;609,0000000000;375,7870483400;675,0000000000;1,0000000000;1300,0000000000;2229,0000000000;0,5351239443;0,0018895090;178,8220069408;0,2949139476;-7,0354695320;252393,3593800000;15,1796483990;0,0159641504;375,7677612300;0,0192871094;0,0003003103;0,0000000000;0,0000000000
77,0000000000;LA;602155,0000000000;7510155,0000000000;350,0000000000;1,0000000000;2,0000000000;506,0000000000;384,0000000000;733,0000000000;7,0000000000;1095,0000000000;1234,0000000000;0,2547025979;0,1243549958;174,6441097260;0,1078656763;-2,0852520466;3757,1301270000;6,7803201675;1,5850920677;371,1439209000;12,8560791020;0,2392214388;0,0008298997;0,0132045895
78,0000000000;RY;603887,0000000000;7508811,0000000000;236,0000000000;1,0000000000;1,0000000000;459,0000000000;375,0000000000;522,0000000000;2,0000000000;1088,0000000000;1955,0000000000;0,5785223842;0,1816004217;177,7450029850;0,2874816060;5,3495059013;962,1349487300;4,8452644348;1,8946119547;372,0401611300;2,9598388672;0,0442737192;-0,0054671839;0,0358419977
79,0000000000;NX;602090,0000000000;7505748,0000000000;445,0000000000;4,0000000000;5,0000000000;729,0000000000;386,0000000000;981,0000000000;1,0000000000;1474,0000000000;1704,0000000000;0,2692737281;0,1988916844;178,9483498335;0,1411190629;10,0631809230;696,0582885700;4,4283604622;1,9958657026;377,7852172900;8,2147827148;0,1792482883;0,0025724303;0,0484689586
80,0000000000;CX;602240,0000000000;7508669,0000000000;592,0000000000;6,0000000000;1,0000000000;871,0000000000;452,0000000000;1178,0000000000;2,0000000000;1673,0000000000;1917,0000000000;0,2387722135;0,2630203366;178,8097100258;0,1369363815;-0,4095753431;1379,7275391000;5,0111932755;3,3954474926;388,2460022000;63,7539978030;0,9059952498;-0,0003880754;0,0016008219
81,0000000000;GX;601751,0000000000;7508963,0000000000;423,0000000000;6,0000000000;10,0000000000;780,0000000000;393,0000000000;878,0000000000;2,0000000000;1597,0000000000;2098,0000000000;0,4099462330;0,1741311103;178,5718023777;0,2294383049;2,5941061974;3176,5080566000;6,6173462868;2,5366065502;390,5491943400;2,4508056641;0,0372609310;-0,0071500861;-0,0147956768
82,0000000000;GX;603247,0000000000;7505420,0000000000;310,0000000000;5,0000000000;10,0000000000;616,0000000000;406,0000000000;733,0000000000;1,0000000000;1306,0000000000;1967,0000000000;0,4570370317;0,3536061645;178,9231450558;0,2403896451;-11,9130449300;12855,6669920000;7,1597065926;8,0670280457;378,5894775400;27,4105224610;0,4432232976;-0,0076030563;-0,0156894103
83,0000000000;MT;602019,0000000000;7505771,0000000000;572,0000000000;4,0000000000;5,0000000000;919,0000000000;391,0000000000;1207,0000000000;0,0000000000;1767,0000000000;2153,0000000000;0,2815476060;0,3236185610;179,5363523960;0,1697368324;4,0716638565;859,1395263700;4,3178000450;4,0127654076;378,0442810100;12,9557189940;0,3073239625;0,0029827580;0,0044721360
84,0000000000;RY;603176,0000000000;7507157,0000000000;175,0000000000;1,0000000000;6,0000000000;410,0000000000;376,1531372100;486,0000000000;1,0000000000;1083,0000000000;2372,0000000000;0,6599020362;0,0018895090;179,6071966887;0,3600152731;-21,1382083890;24799,9335940000;12,8595008850;0,0100373793;376,1108703600;0,0422668457;0,0006691112;0,0000000000;0,0000000000
85,0000000000;RY;602292,0000000000;7505695,0000000000;268,0000000000;1,0000000000;6,0000000000;496,0000000000;377,6015014600;445,0000000000;5,0000000000;1152,0000000000;1888,0000000000;0,6185169220;0,0018895090;176,4656040668;0,2951725125;-7,7768049240;53650,4570310000;13,6311502460;0,0117123742;377,6015014600;0,0000000000;0,0000000000;0,0000000000;0,0000000000
86,0000000000;CX;603642,0000000000;7508357,0000000000;338,0000000000;1,0000000000;7,0000000000;535,0000000000;385,0000000000;787,0000000000;7,0000000000;1204,0000000000;1515,0000000000;0,3162467480;0,2265323997;174,5789847374;0,1495480686;0,3624954820;2220,1589355000;5,6423554420;3,0873515606;373,0320739700;11,9679260250;0,1905044317;-0,0013335131;-0,0045938212
87,0000000000;CX;602141,0000000000;7508687,0000000000;569,0000000000;6,0000000000;9,0000000000;919,0000000000;460,0000000000;1262,0000000000;6,0000000000;1717,0000000000;1814,0000000000;0,1794538349;0,1988916844;175,1632561684;0,1025259942;10,9626903530;632,6020507800;4,5209951401;2,0331876278;389,5632019000;70,4367980960;0,9702996016;0,0040941495;0,0156474579
88,0000000000;PA;601167,0000000000;7507058,0000000000;170,0000000000;1,0000000000;11,0000000000;373,0000000000;495,2179565400;435,0000000000;3,0000000000;884,0000000000;1263,0000000000;0,4876325131;0,1444133222;176,8633809090;0,1854285151;-5,2647323608;3354,6855469000;6,5156712532;1,8798921108;415,7085266100;79,5094299320;0,7696585655;-0,0139112296;-0,0000891775
89,0000000000;LVA;603316,0000000000;7508472,0000000000;284,0000000000;3,0000000000;6,0000000000;545,0000000000;376,0000000000;656,0000000000;6,0000000000;1184,0000000000;1772,0000000000;0,4596375525;0,1560997814;174,3952307701;0,2253634930;-8,7979774475;772,4598999000;4,9681386948;1,5494599342;373,7436828600;2,2563171387;0,0370189026;-0,0046452619;0,0123813553
90,0000000000;NX;601836,0000000000;7505663,0000000000;510,0000000000;5,0000000000;6,0000000000;1045,0000000000;386,0000000000;1413,0000000000;0,0000000000;1959,0000000000;2055,0000000000;0,1851211041;0,1988916844;173,8411698341;0,1137222797;4,9524607658;1310,8311768000;5,2495703697;2,3521265984;378,5325012200;7,4674987793;0,2212358117;-0,0001086942;0,0129759414
91,0000000000;LVA;602950,0000000000;7507524,0000000000;406,0000000000;3,0000000000;3,0000000000;608,0000000000;464,0000000000;864,0000000000;7,0000000000;1066,0000000000;1087,0000000000;0,1143003553;0,2226319611;175,1769537926;0,0481225662;-8,8409156799;1213,5804443000;5,7494649887;3,0738930702;379,8778381300;84,1221618650;0,9513523579;-0,0063642855;-0,1022164971
92,0000000000;LVA;602982,0000000000;7507687,0000000000;454,0000000000;3,0000000000;3,0000000000;608,0000000000;466,0000000000;816,0000000000;0,0000000000;991,0000000000;885,0000000000;0,0405643731;0,2961875498;179,3892740607;0,0154454513;8,9192457199;658,7672119100;3,9585177898;3,2781729698;379,4375000000;86,5625000000;1,0000000000;0,0044335942;0,0407416672
93,0000000000;RY;602616,0000000000;7506335,0000000000;188,0000000000;1,0000000000;6,0000000000;421,0000000000;377,9895629900;397,0000000000;1,0000000000;1033,0000000000;1820,0000000000;0,6418583393;0,0018895090;179,6071966887;0,2957599759;-10,3348121640;15044,5498050000;12,3596754070;0,0090825139;377,9881897000;0,0013732910;0,0000229951;0,0000000000;0,0000000000
94,0000000000;LVA;602862,0000000000;7507166,0000000000;522,0000000000;3,0000000000;3,0000000000;932,0000000000;414,0000000000;1009,0000000000;5,0000000000;1647,0000000000;2050,0000000000;0,3403072953;0,1783617735;176,2704048157;0,1937585324;16,8845996860;819,6441650400;4,8915958405;1,8616482019;377,7456665000;36,2543334960;0,5422225595;0,0053156889;0,0245348159
95,0000000000;GX;601172,0000000000;7506425,0000000000;210,0000000000;1,0000000000;1,0000000000;490,0000000000;403,0000000000;456,0000000000;2,0000000000;976,0000000000;1742,0000000000;0,5850773454;0,2471046001;177,3632926941;0,2679911256;-35,4108047490;1506,1356201000;5,1640648842;3,1918129921;401,8666076700;1,1333923340;0,0156070087;-0,0189687051;-0,0194704887
96,0000000000;PVA;601511,0000000000;7506973,0000000000;194,0000000000;1,0000000000;1,0000000000;391,0000000000;476,0000000000;440,0000000000;3,0000000000;935,0000000000;1515,0000000000;0,5498721004;0,4455873668;177,6067852974;0,2318475843;0,3890127540;3523,3288574000;5,6076269150;8,2761678696;427,2522888200;48,7477111820;0,6447911859;-0,0037391433;-0,0050478145
97,0000000000;LA;603737,0000000000;7508096,0000000000;276,0000000000;1,0000000000;11,0000000000;513,0000000000;401,0000000000;573,0000000000;4,0000000000;1086,0000000000;1520,0000000000;0,4524605870;0,2461518645;176,9580760002;0,2002678663;-10,2854442600;2243,7321777000;5,9132566452;3,6865932941;373,0276794400;27,9723205570;0,4450601935;-0,0001354857;-0,0093592610
98,0000000000;CX;601580,0000000000;7506513,0000000000;432,0000000000;1,0000000000;1,0000000000;785,0000000000;413,0000000000;1135,0000000000;7,0000000000;1569,0000000000;1766,0000000000;0,2175112069;0,3764348626;174,3223595619;0,1197949573;2,5867288113;1077,8270264000;4,1920924187;4,8824405670;389,9027099600;23,0972900390;0,3141051233;-0,0012828712;0,0166841764
99,0000000000;CX;601973,0000000000;7507615,0000000000;445,0000000000;1,0000000000;9,0000000000;788,0000000000;449,0000000000;1051,0000000000;6,0000000000;1430,0000000000;1594,0000000000;0,2052929997;0,3151000440;174,7208819389;0,1065402180;10,9182424550;1074,7299805000;4,3820462227;3,9083802700;415,6753234900;33,3246765140;0,5551204681;-0,0007709762;0,0180913508
100,0000000000;CY;605099,0000000000;7509625,0000000000;198,0000000000;7,0000000000;2,0000000000;407,0000000000;362,3516235400;314,0000000000;5,0000000000;1094,0000000000;2684,0000000000;0,7905270457;0,0166611914;176,7534537315;0,4444861114;12,2939805980;5921,8051758000;9,4825115204;0,1337570101;362,3516235400;0,0000000000;0,0000000000;-0,0015576431;-0,0015895354
101,0000000000;CY;604624,0000000000;7509733,0000000000;248,0000000000;7,0000000000;2,0000000000;523,0000000000;365,0000000000;405,0000000000;3,0000000000;1237,0000000000;2581,0000000000;0,7287340760;0,0249947943;178,4292036295;0,4087152481;3,3441967964;400,0000000000;5,7443466187;0,1163633764;363,1767883300;1,8232116699;0,0267476551;0,0024976581;0,2000000030
102,0000000000;CY;604233,0000000000;7509645,0000000000;182,0000000000;7,0000000000;2,0000000000;549,0000000000;369,0000000000;417,0000000000;4,0000000000;1131,0000000000;2688,0000000000;0,7314009666;0,1027148813;176,6134285927;0,4202961326;5,6427507401;481,1660156300;4,9179530144;0,8204765916;364,0190429700;4,9809570313;0,0738152862;0,0004342375;0,0199735221
103,0000000000;CY;602859,0000000000;7509942,0000000000;331,0000000000;7,0000000000;2,0000000000;717,0000000000;364,0000000000;756,0000000000;1,0000000000;1434,0000000000;2487,0000000000;0,5337650180;0,0353406183;179,2146018148;0,3149945438;-6,1946125031;13583,1875000000;10,9028825760;0,5488798022;364,0000000000;0,0000000000;0,0000000000;-0,0024953198;-0,0707106814
104,0000000000;CY;604043,0000000000;7509542,0000000000;203,0000000000;7,0000000000;2,0000000000;424,0000000000;366,0000000000;350,0000000000;4,0000000000;1184,0000000000;2906,0000000000;0,7850123048;0,0249947943;176,8584072590;0,4643895030;40,5377120970;400,0000000000;6,4963850975;0,1352500916;364,4158325200;1,5841674805;0,0235302225;0,0024976581;0,0000000000
105,0000000000;RY;602449,0000000000;7510699,0000000000;348,0000000000;7,0000000000;2,0000000000;753,0000000000;365,0349121100;717,0000000000;2,0000000000;1501,0000000000;2485,0000000000;0,5521548986;0,0499735922;176,8830909729;0,3233357966;2,9539494514;1406,7269287000;6,9459829330;0,4182189107;365,0349121100;0,0000000000;0,0000000000;-0,0047721858;0,0003155304
106,0000000000;CY;603172,0000000000;7509728,0000000000;280,0000000000;7,0000000000;2,0000000000;595,0000000000;366,0000000000;493,0000000000;2,0000000000;1088,0000000000;2196,0000000000;0,6333209276;0,0748598501;178,4292036295;0,3322278559;-7,0911688805;729,1792602500;6,3448014259;0,6795884967;365,0618591300;0,9381408691;0,0148211969;-0,0024790536;0,0000000000
107,0000000000;LA;602183,0000000000;7510140,0000000000;280,0000000000;1,0000000000;2,0000000000;471,0000000000;389,0000000000;539,0000000000;7,0000000000;937,0000000000;1307,0000000000;0,4160346687;0,1749690473;175,4295082092;0,1682734639;-1,6586601734;1683,9376221000;5,9777994156;2,2480764389;370,8479919400;18,1520080570;0,3352925777;-0,0077346219;-0,0107480232
108,0000000000;RL;602367,0000000000;7506575,0000000000;433,0000000000;4,0000000000;5,0000000000;653,0000000000;409,0000000000;967,0000000000;7,0000000000;1325,0000000000;1474,0000000000;0,2077017576;0,3645517528;174,7359561920;0,1022040248;2,6745746136;938,0969238300;4,2766814232;4,7386236191;379,1112365700;29,8887634280;0,4579485953;0,0016887978;0,0142271081
109,0000000000;RL;602462,0000000000;7506581,0000000000;440,0000000000;4,0000000000;8,0000000000;785,0000000000;418,0000000000;1050,0000000000;3,0000000000;1514,0000000000;1756,0000000000;0,2516036928;0,2104377151;178,0704330206;0,1356648952;14,7848682400;516,5851440400;4,2603573799;2,0989050865;378,4076538100;39,5923461910;0,6162780523;0,0109861959;0,0269354973
110,0000000000;RL;602446,0000000000;7506553,0000000000;298,0000000000;4,0000000000;8,0000000000;624,0000000000;419,0000000000;810,0000000000;3,0000000000;1226,0000000000;1472,0000000000;0,2900964022;0,1783617735;177,8412010670;0,1363636404;16,8097763060;528,4887085000;4,2645201683;1,6422170401;378,5952148400;40,4047851560;0,6308428645;0,0069653857;0,0149342362
111,0000000000;MT;602365,0000000000;7506525,0000000000;308,0000000000;4,0000000000;5,0000000000;676,0000000000;416,0000000000;864,0000000000;6,0000000000;1358,0000000000;1597,0000000000;0,2978464067;0,2033070326;175,0426325798;0,1473663151;8,9659509659;634,2145996100;4,5009808540;2,0923173428;379,3208618200;36,6791381840;0,5741148591;0,0102237146;-0,0042800405
112,0000000000;MT;602350,0000000000;7506508,0000000000;313,0000000000;4,0000000000;5,0000000000;649,0000000000;410,0000000000;813,0000000000;6,0000000000;1196,0000000000;1333,0000000000;0,2423112840;0,3219379783;175,0608119965;0,1091519818;3,6109170914;921,0883789100;4,3930115700;4,0425419807;379,5011901900;30,4988098140;0,4762582183;0,0023679333;0,0066742008
113,0000000000;MT;602476,0000000000;7506659,0000000000;456,0000000000;4,0000000000;5,0000000000;815,0000000000;403,0000000000;1141,0000000000;0,0000000000;1543,0000000000;1847,0000000000;0,2362784445;0,3374690116;173,7881221771;0,1325738430;5,4254512787;896,2717895500;4,0581064224;4,0513443947;378,1015014600;24,8984985350;0,3782795072;0,0001812511;0,0207592919
114,0000000000;RL;602442,0000000000;7506349,0000000000;432,0000000000;4,0000000000;5,0000000000;709,0000000000;394,0000000000;935,0000000000;2,0000000000;1378,0000000000;1552,0000000000;0,2480900735;0,2226319611;178,5398608446;0,1236142665;-0,5522834659;1797,5664063000;5,1922941208;2,7497518063;378,9156799300;15,0843200680;0,2498899102;0,0021214285;0,0340721644
115,0000000000;RL;602406,0000000000;7506337,0000000000;509,0000000000;4,0000000000;5,0000000000;861,0000000000;404,0000000000;1129,0000000000;2,0000000000;1516,0000000000;1685,0000000000;0,1975835115;0,3062773645;178,7509542704;0,1067315191;2,9327156544;1474,2093506000;4,9166374207;4,1714158058;379,1580810500;24,8419189450;0,4130012095;-0,0019502644;0,0071151247
116,0000000000;RL;602393,0000000000;7506179,0000000000;429,0000000000;4,0000000000;5,0000000000;690,0000000000;399,0000000000;931,0000000000;2,0000000000;1326,0000000000;1470,0000000000;0,2244897932;0,3638359606;178,0243119001;0,1092419997;1,0571824312;2190,8913574000;5,1270422935;5,6010146141;378,9703369100;20,0296630860;0,3477539420;0,0027089096;0,0044146129
117,0000000000;RL;602402,0000000000;7506219,0000000000;430,0000000000;4,0000000000;5,0000000000;755,0000000000;396,0000000000;1054,0000000000;2,0000000000;1404,0000000000;1490,0000000000;0,1713836491;0,3910736740;178,1842249632;0,0866914168;0,6176638603;2195,6394043000;5,0496749878;6,1271724701;378,9564209000;17,0435791020;0,2927270532;-0,0004648066;0,0014266801
118,0000000000;PV;602553,0000000000;7506891,0000000000;463,0000000000;4,0000000000;6,0000000000;767,0000000000;384,0000000000;1131,0000000000;7,0000000000;1559,0000000000;1769,0000000000;0,2199999988;0,2118317187;174,3370642662;0,1211392283;3,1650772095;2263,2429199000;5,7308688164;2,8443479538;377,2603454600;6,7396545410;0,0985704809;-0,0023360751;-0,0116247637
119,0000000000;NX;603024,0000000000;7507199,0000000000;343,0000000000;3,0000000000;3,0000000000;596,0000000000;382,0000000000;782,0000000000;3,0000000000;1144,0000000000;1493,0000000000;0,3125274777;0,3277714551;177,4872035980;0,1465979368;-0,6569050551;5005,0830078000;6,2984452248;6,0759334564;376,7733764600;5,2266235352;0,0779100508;-0,0072790203;-0,0115361242
120,0000000000;LVA;603069,0000000000;7507252,0000000000;390,0000000000;3,0000000000;3,0000000000;738,0000000000;394,0000000000;940,0000000000;3,0000000000;1361,0000000000;1666,0000000000;0,2785878778;0,4187819362;177,5243766308;0,1431764662;2,3139045238;2558,2092285000;5,1259589195;6,8714485168;376,7837524400;17,2162475590;0,2506916821;-0,0001984456;0,0062012486
121,0000000000;LVA;603160,0000000000;7507575,0000000000;447,0000000000;1,0000000000;3,0000000000;764,0000000000;386,0000000000;751,0000000000;2,0000000000;1354,0000000000;2052,0000000000;0,4641455710;0,2553116977;178,7206604481;0,2500961125;-2,7254402637;7457,6582031000;7,0762434006;4,9107217789;376,5105896000;9,4894104004;0,1369552165;-0,0110533014;-0,0202988870
122,0000000000;RL;603144,0000000000;7508518,0000000000;246,0000000000;3,0000000000;3,0000000000;588,0000000000;391,0000000000;681,0000000000;6,0000000000;1177,0000000000;1508,0000000000;0,3777980804;0,4369324744;175,5585579872;0,1725552976;0,7509089112;1009,1082764000;4,1476335526;6,0079083443;374,8704528800;16,1295471190;0,2674054503;-0,0038256149;-0,0050461222
123,0000000000;PV;603120,0000000000;7508512,0000000000;272,0000000000;3,0000000000;1,0000000000;595,0000000000;383,0000000000;637,0000000000;6,0000000000;1241,0000000000;1725,0000000000;0,4606266022;0,3437356353;175,7200188637;0,2216789126;0,3063123822;1600,2526855000;4,8747591972;4,9005460739;374,9800109900;8,0199890137;0,1330955327;-0,0055570328;-0,0023508142
124,0000000000;SX;603456,0000000000;7509273,0000000000;477,0000000000;7,0000000000;2,0000000000;873,0000000000;369,0000000000;926,0000000000;2,0000000000;1585,0000000000;2405,0000000000;0,4440107942;0,0699817613;179,2234064937;0,2662945688;2,0651695728;2530,9682617000;7,6568584442;0,7986558676;367,4766845700;1,5233154297;0,0238936227;-0,0038392243;-0,0174007267
125,0000000000;SX;603414,0000000000;7509268,0000000000;413,0000000000;7,0000000000;2,0000000000;785,0000000000;371,0000000000;681,0000000000;1,0000000000;1488,0000000000;2619,0000000000;0,5872727037;0,0558435768;179,5363523960;0,3502410054;3,4631309509;2030,8634033000;6,9698443413;0,4963462949;367,7420654300;3,2579345703;0,0514142811;0,0004976654;0,0357770883
126,0000000000;SX;603434,0000000000;7509295,0000000000;418,0000000000;7,0000000000;2,0000000000;843,0000000000;369,0000000000;799,0000000000;0,0000000000;1735,0000000000;2653,0000000000;0,5370799303;0,0547456108;179,5262782574;0,3290345669;1,0976490974;2742,1691895000;7,9831776619;0,5900296569;367,3658447300;1,6341552734;0,0256516021;-0,0011380911;-0,0270111710
127,0000000000;SX;603462,0000000000;7509339,0000000000;365,0000000000;7,0000000000;2,0000000000;629,0000000000;368,0000000000;810,0000000000;0,0000000000;1150,0000000000;1635,0000000000;0,3374233246;0,0262284204;173,7168145180;0,1662189364;-2,9871528149;1231,5246582000;7,5727319717;0,1803049296;366,7192688000;1,2807312012;0,0199203603;0,0023741049;0,0000000000
128,0000000000;SX;603431,0000000000;7509379,0000000000;445,0000000000;7,0000000000;2,0000000000;807,0000000000;367,0000000000;796,0000000000;2,0000000000;1342,0000000000;1878,0000000000;0,4046372473;0,0507275760;178,9440554380;0,2114933580;-6,4950108528;11410,0253910000;9,4852895737;0,7107476592;366,4640808100;0,5359191895;0,0083421571;-0,0011213472;-0,0385133997
129,0000000000;SX;603375,0000000000;7509408,0000000000;717,0000000000;7,0000000000;2,0000000000;1002,0000000000;367,1047363300;1128,0000000000;0,0000000000;1447,0000000000;1395,0000000000;0,1058264002;0,0220854487;175,2085027695;0,0532367490;8,2700567245;16182,8076170000;10,6669931410;0,2586937249;366,3294372600;0,7752990723;0,0121137248;-0,0022667602;-0,0002672395
130,0000000000;SX;603515,0000000000;7509334,0000000000;436,0000000000;7,0000000000;2,0000000000;749,0000000000;367,0000000000;792,0000000000;0,0000000000;1474,0000000000;2488,0000000000;0,5170731545;0,0476715863;178,8431543112;0,3072463572;1,2914290428;783,1254882800;6,4074892998;0,3498838246;366,5327148400;0,4672851563;0,0072325761;-0,0003186716;0,0336744972
131,0000000000;NX;603269,0000000000;7508619,0000000000;209,0000000000;1,0000000000;3,0000000000;435,0000000000;392,0000000000;392,0000000000;3,0000000000;1059,0000000000;1816,0000000000;0,6449275613;0,4796895385;177,8145406246;0,2963374257;-0,3267112374;1584,3802490000;4,4909267426;7,3599801064;374,1258544900;17,8741455080;0,2941785157;0,0003426454;0,0038623123
132,0000000000;NX;603258,0000000000;7508413,0000000000;305,0000000000;1,0000000000;6,0000000000;566,0000000000;373,8773193400;634,0000000000;4,0000000000;1188,0000000000;1611,0000000000;0,4351893067;0,0032196529;175,8606286049;0,2022774369;-8,0326766968;14725,0273440000;13,0331974030;0,0231151693;373,8773193400;0,0000000000;0,0000000000;-0,0001722159;-0,0530013107
133,0000000000;LA;603664,0000000000;7507478,0000000000;390,0000000000;1,0000000000;6,0000000000;670,0000000000;376,0000000000;661,0000000000;0,0000000000;1430,0000000000;2245,0000000000;0,5450791717;0,1390852034;173,7219815254;0,3005312383;2,0719413757;1657,1861572000;5,5916528702;1,4773466587;375,3961792000;0,6038208008;0,0103856102;-0,0106913717;0,0202071387
134,0000000000;PVA;603810,0000000000;7507377,0000000000;262,0000000000;1,0000000000;10,0000000000;716,0000000000;381,0000000000;872,0000000000;2,0000000000;1495,0000000000;2395,0000000000;0,4661769271;0,3277714551;178,7277026176;0,2763396800;6,8601956367;1633,9431152000;4,9469208717;4,6368288994;375,7274475100;5,2725524902;0,0927596167;-0,0118465321;-0,0104122283
135,0000000000;PVA;603626,0000000000;7507291,0000000000;295,0000000000;1,0000000000;7,0000000000;488,0000000000;385,0000000000;638,0000000000;6,0000000000;928,0000000000;1070,0000000000;0,2529273927;0,2630203366;175,6681175232;0,0966010764;-11,7890872960;2150,4663086000;5,6870589256;3,8868873119;375,7259826700;9,2740173340;0,1600894034;-0,0126320943;-0,0036008526
136,0000000000;PA;603532,0000000000;7507168,0000000000;301,0000000000;1,0000000000;7,0000000000;591,0000000000;412,0000000000;607,0000000000;7,0000000000;1049,0000000000;1544,0000000000;0,4356113374;0,2316168696;174,7290115356;0,1965459585;24,5347976680;619,0396728500;4,1539721489;2,3692762852;376,0072326700;35,9927673340;0,6168125868;-0,0067596780;0,0204853527
137,0000000000;PA;603420,0000000000;7507153,0000000000;311,0000000000;1,0000000000;7,0000000000;609,0000000000;392,0000000000;786,0000000000;0,0000000000;1364,0000000000;1788,0000000000;0,3892773986;0,2104377151;174,0755853653;0,1984420568;-3,6677963734;2676,0092773000;6,5983467102;3,3501782417;376,0970153800;15,9029846190;0,2690662742;0,0040037157;-0,0785618648
138,0000000000;RY;603531,0000000000;7507538,0000000000;213,0000000000;1,0000000000;6,0000000000;440,0000000000;375,2294311500;507,0000000000;0,0000000000;996,0000000000;2051,0000000000;0,6035965681;0,0017456037;173,7168145180;0,3064302802;-2,9293925762;133835,7812500000;14,9710636140;0,0135963848;375,2294311500;0,0000000000;0,0000000000;0,0000000000;-0,0414335653
139,0000000000;SX;603302,0000000000;7507123,0000000000;146,0000000000;1,0000000000;7,0000000000;299,0000000000;392,0000000000;302,0000000000;5,0000000000;716,0000000000;1185,0000000000;0,5938130617;0,2630203366;175,6681175232;0,2041775882;8,0948801041;1016,2921753000;4,7054681778;3,1940526962;376,2109985400;15,7890014650;0,2621304691;0,0006209206;0,0160082188
140,0000000000;SX;603298,0000000000;7507115,0000000000;217,0000000000;1,0000000000;7,0000000000;435,0000000000;387,0000000000;398,0000000000;5,0000000000;922,0000000000;1423,0000000000;0,5628775358;0,2553116977;175,5790677071;0,2254068106;4,9976315498;1082,2609863000;4,7994809151;3,1144993305;376,1946716300;10,8053283690;0,1785377860;0,0002493226;0,0276803002
141,0000000000;RY;603189,0000000000;7507177,0000000000;261,0000000000;1,0000000000;6,0000000000;561,0000000000;376,1037597700;580,0000000000;1,0000000000;1127,0000000000;2004,0000000000;0,5510835648;0,0018895090;179,6071966887;0,2816455662;-28,9122028350;40908,7460940000;13,3600044250;0,0110941362;376,0711364700;0,0326232910;0,0005170268;0,0000000000;0,0000000000
142,0000000000;MT;602255,0000000000;7506455,0000000000;216,0000000000;4,0000000000;5,0000000000;585,0000000000;389,0000000000;538,0000000000;6,0000000000;1331,0000000000;2641,0000000000;0,6615287662;0,1783617735;174,6996083260;0,3856828213;-2,1169259548;3578,5400391000;6,3654356003;2,4998486042;380,5046386700;8,4953613281;0,1340130866;-0,0069653857;-0,0149342362
143,0000000000;NX;601961,0000000000;7505953,0000000000;118,0000000000;4,0000000000;5,0000000000;420,0000000000;379,0000000000;454,0000000000;4,0000000000;857,0000000000;1334,0000000000;0,4921700358;0,0988293886;175,5190482140;0,1944607943;6,7836446762;1263,2736816000;5,9220266342;0,9466925860;378,3491821300;0,6508178711;0,0124071036;-0,0054067620;0,0243250933
144,0000000000;NX;602052,0000000000;7505711,0000000000;296,0000000000;4,0000000000;5,0000000000;691,0000000000;392,0000000000;711,0000000000;3,0000000000;1291,0000000000;1907,0000000000;0,4568372667;0,1749690473;177,6438055038;0,2354948819;13,7348060610;651,3745117200;4,4931941032;1,6705515385;377,7666320800;14,2333679200;0,3399243653;0,0011936144;0,0212132037
145,0000000000;PA;601935,0000000000;7504876,0000000000;489,0000000000;5,0000000000;6,0000000000;804,0000000000;377,0349121100;1033,0000000000;0,0000000000;1369,0000000000;1428,0000000000;0,1605038643;0,0697300211;174,4897146225;0,0794129595;1,5243022442;5234,8735352000;8,9220142365;1,0230678320;376,5673828100;0,4675292969;0,0079204887;-0,0079513900;-0,0252662916
146,0000000000;RY;601879,0000000000;7504896,0000000000;232,0000000000;5,0000000000;6,0000000000;344,0000000000;377,0000000000;352,0000000000;-1,0000000000;918,0000000000;1803,0000000000;0,6733178496;0,0017456037;173,7168145180;0,3041928709;-28,6264839170;4895,3559570000;;;376,2872619600;0,7127380371;0,0123138940;0,0000000000;-2,8643357754
147,0000000000;PV;602799,0000000000;7504666,0000000000;264,0000000000;5,0000000000;10,0000000000;623,0000000000;421,4793090800;719,0000000000;7,0000000000;1289,0000000000;2270,0000000000;0,5189026594;0,0371478796;178,4624248743;0,2912129164;3,6605904102;148173,9531300000;12,3611459730;0,7918112874;398,9649047900;22,5144042970;0,3133713603;-0,0042718379;0,0091636516
148,0000000000;PV;602784,0000000000;7504652,0000000000;407,0000000000;5,0000000000;10,0000000000;747,0000000000;423,0000000000;977,0000000000;0,0000000000;1631,0000000000;2276,0000000000;0,3993237019;0,3416151404;179,1673206687;0,2360959649;2,2134442329;1692,4074707000;4,7492237091;4,7359023094;400,6603698700;22,3396301270;0,3229119778;-0,0245098993;-0,0153885353
149,0000000000;SX;603876,0000000000;7508468,0000000000;470,0000000000;1,0000000000;7,0000000000;844,0000000000;379,0000000000;1174,0000000000;6,0000000000;1595,0000000000;1921,0000000000;0,2413570285;0,3558319509;174,9445872307;0,1384187937;10,4137029650;1128,6103516000;4,4880084991;4,7713274956;372,6467285200;6,3532714844;0,0939000845;-0,0022253681;-0,0129099116
150,0000000000;PV;603692,0000000000;7508315,0000000000;530,0000000000;1,0000000000;7,0000000000;930,0000000000;400,0000000000;1265,0000000000;7,0000000000;1664,0000000000;1958,0000000000;0,2150170654;0,2265323997;173,9354834557;0,1264137328;15,0304832460;762,6409912100;4,5738091469;2,4932930470;372,9773559600;27,0226440430;0,4269981384;0,0051163360;0,0085496120
151,0000000000;LA;602120,0000000000;7508002,0000000000;392,0000000000;2,0000000000;9,0000000000;670,0000000000;487,0000000000;953,0000000000;2,0000000000;1342,0000000000;1472,0000000000;0,2140206248;0,1881425083;178,0243119001;0,1048485041;16,4122619630;530,1320800800;4,2130255699;1,7599602938;401,0549316400;85,9450683590;1,0000000000;0,0045356359;0,0536545254
152,0000000000;LA;604432,0000000000;7508465,0000000000;519,0000000000;1,0000000000;11,0000000000;1107,0000000000;462,0000000000;1632,0000000000;0,0000000000;2110,0000000000;2491,0000000000;0,2083434463;0,3536061645;174,2107558250;0,1412364245;0,1990127564;1172,2114258000;4,5327472687;4,7702245712;369,4854126000;92,5145874020;0,9642159343;0,0052643828;0,0098175323
153,0000000000;PVA;603343,0000000000;7508439,0000000000;250,0000000000;3,0000000000;3,0000000000;599,0000000000;378,0000000000;521,0000000000;2,0000000000;1202,0000000000;2003,0000000000;0,5871632099;0,1988916844;177,9100575447;0,2954545319;25,8767471310;613,7038574200;4,4906659126;2,0208919048;373,5840148900;4,4159851074;0,0722903460;0,0021431420;0,0259229746
154,0000000000;LA;602227,0000000000;7510131,0000000000;334,0000000000;1,0000000000;2,0000000000;577,0000000000;399,0000000000;696,0000000000;6,0000000000;1219,0000000000;1529,0000000000;0,3743820190;0,2725528777;175,4674644470;0,1729411781;7,9873943329;871,9374389600;4,5149078369;3,2408027649;370,4009399400;28,5990600590;0,5237904787;-0,0021617811;-0,0002862167
155,0000000000;PA;601980,0000000000;7507109,0000000000;135,0000000000;1,0000000000;1,0000000000;321,0000000000;432,0000000000;313,0000000000;3,0000000000;785,0000000000;1503,0000000000;0,6552863717;0,3558319509;177,6913886070;0,2618837953;-2,6656613350;2402,7150879000;5,4756870270;5,8133692741;425,0798645000;6,9201354980;0,1515296698;-0,0018447095;-0,0141535224
156,0000000000;PA;601771,0000000000;7506977,0000000000;81,0000000000;1,0000000000;9,0000000000;188,0000000000;470,0000000000;203,0000000000;3,0000000000;610,0000000000;1397,0000000000;0,7462499738;0,1783617735;177,4464099407;0,2713636458;7,7004623413;1269,6914063000;5,5613212585;2,1284782887;434,1118774400;35,8881225590;0,7712323070;0,0023828950;-0,0416025147
157,0000000000;PA;603384,0000000000;7507220,0000000000;182,0000000000;1,0000000000;7,0000000000;423,0000000000;386,0000000000;508,0000000000;7,0000000000;934,0000000000;1316,0000000000;0,4429824650;0,1024255306;179,7666728795;0,1776084602;-16,4309101100;1170,7883301000;6,0420808792;1,0229934454;375,9023132300;10,0976867680;0,1686103791;-0,0070247203;0,0439060405
